subtopic,source_url,source_name,retrieved_at,license_note,record_count
01_streets_mobility_afaq,https://data.wprdc.org/dataset/311-data,WPRDC 311 Data Archive (2015-2017 request log),2026-09-21T18:53:57Z,"Authored resident complaint, derived from a real filed 311 request (see derived_from_request_id); grounded in the WPRDC 311 archive (CC-BY). No real resident wording is reproduced.",185
01_streets_mobility_afaq,https://pittsburghpa.gov/311/,City of Pittsburgh 311,2026-09-21T18:53:57Z,"Public information, City of Pittsburgh 311; authored routing summary.",5
02_waste_neighborhood_rutomo,https://data.wprdc.org/dataset/311-data/resource/29462525-62a6-45bf-9b5e-ad2e1c06348d,WPRDC 311 historical archive/codebook,2026-09-18T19:10:43.836682+00:00,"City of Pittsburgh via WPRDC, Creative Commons Attribution; retain attribution; https://data.wprdc.org/dataset/311-data",33
02_waste_neighborhood_rutomo,https://data.wprdc.org/dataset/311-data/resource/6a2c9de6-9cb8-4da6-bd78-0a913cc5790c,WPRDC 311 historical archive/codebook,2026-09-18T19:10:43.836986+00:00,"City of Pittsburgh via WPRDC, Creative Commons Attribution; retain attribution; https://data.wprdc.org/dataset/311-data",41
02_waste_neighborhood_rutomo,https://www.pittsburghpa.gov/Business-Development/Permits-Licenses-and-Inspections/Enforcement,Enforcement,2026-09-18T19:10:53.330919+00:00,"City of Pittsburgh public service guidance; copyright retained; no open license established. Collected for private educational analysis, not public dataset publication. Website disclaimers: https://www.pittsburghpa.gov/Website-Disclaimers",6
02_waste_neighborhood_rutomo,https://www.pittsburghpa.gov/Business-Development/Permits-Licenses-and-Inspections/Enforcement/Clean-and-Lien,Clean and Lien,2026-09-18T19:10:53.765843+00:00,"City of Pittsburgh public service guidance; copyright retained; no open license established. Collected for private educational analysis, not public dataset publication. Website disclaimers: https://www.pittsburghpa.gov/Website-Disclaimers",2
02_waste_neighborhood_rutomo,https://www.pittsburghpa.gov/Resident-Services/Trash-Recycling,Trash & Recycling,2026-09-18T19:10:52.581958+00:00,"City of Pittsburgh public service guidance; copyright retained; no open license established. Collected for private educational analysis, not public dataset publication. Website disclaimers: https://www.pittsburghpa.gov/Website-Disclaimers",2
02_waste_neighborhood_rutomo,https://www.pittsburghpa.gov/Resident-Services/Trash-Recycling/Collection-Schedule-and-Newsletter,Collection Schedule and Newsletter,2026-09-18T19:10:57.230019+00:00,"City of Pittsburgh public service guidance; copyright retained; no open license established. Collected for private educational analysis, not public dataset publication. Website disclaimers: https://www.pittsburghpa.gov/Website-Disclaimers",6
02_waste_neighborhood_rutomo,https://www.pittsburghpa.gov/Resident-Services/Trash-Recycling/Commercial-Recycling,Commercial Recycling,2026-09-18T19:10:56.584751+00:00,"City of Pittsburgh public service guidance; copyright retained; no open license established. Collected for private educational analysis, not public dataset publication. Website disclaimers: https://www.pittsburghpa.gov/Website-Disclaimers",2
02_waste_neighborhood_rutomo,https://www.pittsburghpa.gov/Resident-Services/Trash-Recycling/Curbside-Pick-Up,Curbside Pick Up,2026-09-18T19:10:55.257627+00:00,"City of Pittsburgh public service guidance; copyright retained; no open license established. Collected for private educational analysis, not public dataset publication. Website disclaimers: https://www.pittsburghpa.gov/Website-Disclaimers",6
02_waste_neighborhood_rutomo,https://www.pittsburghpa.gov/Resident-Services/Trash-Recycling/Curbside-Pick-Up/Blue-Bin-Program,Blue Bin Program,2026-09-18T19:11:02.720115+00:00,"City of Pittsburgh public service guidance; copyright retained; no open license established. Collected for private educational analysis, not public dataset publication. Website disclaimers: https://www.pittsburghpa.gov/Website-Disclaimers",4
02_waste_neighborhood_rutomo,https://www.pittsburghpa.gov/Resident-Services/Trash-Recycling/Curbside-Pick-Up/Bulk-Pick-Up,Bulk Pick Up,2026-09-18T19:11:03.726754+00:00,"City of Pittsburgh public service guidance; copyright retained; no open license established. Collected for private educational analysis, not public dataset publication. Website disclaimers: https://www.pittsburghpa.gov/Website-Disclaimers",4
02_waste_neighborhood_rutomo,https://www.pittsburghpa.gov/Resident-Services/Trash-Recycling/Curbside-Pick-Up/Curbside-Recycling,Curbside Recycling,2026-09-18T19:11:01.944632+00:00,"City of Pittsburgh public service guidance; copyright retained; no open license established. Collected for private educational analysis, not public dataset publication. Website disclaimers: https://www.pittsburghpa.gov/Website-Disclaimers",2
02_waste_neighborhood_rutomo,https://www.pittsburghpa.gov/Resident-Services/Trash-Recycling/Curbside-Pick-Up/Curbside-Refuse,Curbside Refuse,2026-09-18T19:11:01.419021+00:00,"City of Pittsburgh public service guidance; copyright retained; no open license established. Collected for private educational analysis, not public dataset publication. Website disclaimers: https://www.pittsburghpa.gov/Website-Disclaimers",6
02_waste_neighborhood_rutomo,https://www.pittsburghpa.gov/Resident-Services/Trash-Recycling/Curbside-Pick-Up/Missed-Pick-Up,Missed Pick Up,2026-09-18T19:11:05.849596+00:00,"City of Pittsburgh public service guidance; copyright retained; no open license established. Collected for private educational analysis, not public dataset publication. Website disclaimers: https://www.pittsburghpa.gov/Website-Disclaimers",6
02_waste_neighborhood_rutomo,https://www.pittsburghpa.gov/Resident-Services/Trash-Recycling/Curbside-Pick-Up/Protect-Our-Refuse-Workers,Protect Our Refuse Workers,2026-09-18T19:11:04.541936+00:00,"City of Pittsburgh public service guidance; copyright retained; no open license established. Collected for private educational analysis, not public dataset publication. Website disclaimers: https://www.pittsburghpa.gov/Website-Disclaimers",3
02_waste_neighborhood_rutomo,https://www.pittsburghpa.gov/Resident-Services/Trash-Recycling/Curbside-Pick-Up/Yard-Debris,Yard Debris,2026-09-18T19:11:05.372272+00:00,"City of Pittsburgh public service guidance; copyright retained; no open license established. Collected for private educational analysis, not public dataset publication. Website disclaimers: https://www.pittsburghpa.gov/Website-Disclaimers",6
02_waste_neighborhood_rutomo,https://www.pittsburghpa.gov/Resident-Services/Trash-Recycling/Drop-Off-Info-Additional-Resources,Drop-Off Info & Additional Resources,2026-09-18T19:10:56.020728+00:00,"City of Pittsburgh public service guidance; copyright retained; no open license established. Collected for private educational analysis, not public dataset publication. Website disclaimers: https://www.pittsburghpa.gov/Website-Disclaimers",1
02_waste_neighborhood_rutomo,https://www.pittsburghpa.gov/Resident-Services/Trash-Recycling/Drop-Off-Info-Additional-Resources/Christmas-Tree-Recycling,Christmas Tree Recycling,2026-09-18T19:11:08.048379+00:00,"City of Pittsburgh public service guidance; copyright retained; no open license established. Collected for private educational analysis, not public dataset publication. Website disclaimers: https://www.pittsburghpa.gov/Website-Disclaimers",6
02_waste_neighborhood_rutomo,https://www.pittsburghpa.gov/Resident-Services/Trash-Recycling/Drop-Off-Info-Additional-Resources/Electronic-Waste-and-Household-Hazardous-Waste-Disposal,Electronic Waste and Household Hazardous Waste Disposal,2026-09-18T19:11:07.566058+00:00,"City of Pittsburgh public service guidance; copyright retained; no open license established. Collected for private educational analysis, not public dataset publication. Website disclaimers: https://www.pittsburghpa.gov/Website-Disclaimers",6
02_waste_neighborhood_rutomo,https://www.pittsburghpa.gov/Resident-Services/Trash-Recycling/Drop-Off-Info-Additional-Resources/Recycling-Drop-Off-Locations,Recycling Drop-Off Locations,2026-09-18T19:11:06.385083+00:00,"City of Pittsburgh public service guidance; copyright retained; no open license established. Collected for private educational analysis, not public dataset publication. Website disclaimers: https://www.pittsburghpa.gov/Website-Disclaimers",3
02_waste_neighborhood_rutomo,https://www.pittsburghpa.gov/Resident-Services/Trash-Recycling/Drop-Off-Info-Additional-Resources/Waste-Disposal-Resources,Waste Disposal Resources,2026-09-18T19:10:59.856191+00:00,"City of Pittsburgh public service guidance; copyright retained; no open license established. Collected for private educational analysis, not public dataset publication. Website disclaimers: https://www.pittsburghpa.gov/Website-Disclaimers",6
02_waste_neighborhood_rutomo,https://www.pittsburghpa.gov/Resident-Services/Trash-Recycling/Drop-Off-Info-Additional-Resources/Zero-Waste,Zero Waste,2026-09-18T19:11:08.764192+00:00,"City of Pittsburgh public service guidance; copyright retained; no open license established. Collected for private educational analysis, not public dataset publication. Website disclaimers: https://www.pittsburghpa.gov/Website-Disclaimers",6
02_waste_neighborhood_rutomo,https://www.pittsburghpa.gov/Resident-Services/Trash-Recycling/Environmental-Enforcement,Environmental Enforcement,2026-09-18T19:10:52.773284+00:00,"City of Pittsburgh public service guidance; copyright retained; no open license established. Collected for private educational analysis, not public dataset publication. Website disclaimers: https://www.pittsburghpa.gov/Website-Disclaimers",3
02_waste_neighborhood_rutomo,https://www.pittsburghpa.gov/Resident-Services/Trash-Recycling/Environmental-Enforcement/Additional-Organization-Resources,Additional Organization Resources,2026-09-18T19:10:59.453613+00:00,"City of Pittsburgh public service guidance; copyright retained; no open license established. Collected for private educational analysis, not public dataset publication. Website disclaimers: https://www.pittsburghpa.gov/Website-Disclaimers",1
02_waste_neighborhood_rutomo,https://www.pittsburghpa.gov/Resident-Services/Trash-Recycling/Environmental-Enforcement/Frequently-Asked-Questions,Frequently Asked Questions,2026-09-18T19:10:58.484911+00:00,"City of Pittsburgh public service guidance; copyright retained; no open license established. Collected for private educational analysis, not public dataset publication. Website disclaimers: https://www.pittsburghpa.gov/Website-Disclaimers",6
02_waste_neighborhood_rutomo,https://www.pittsburghpa.gov/Resident-Services/Trash-Recycling/Environmental-Enforcement/Volunteer-Applications,Volunteer Applications,2026-09-18T19:10:58.957326+00:00,"City of Pittsburgh public service guidance; copyright retained; no open license established. Collected for private educational analysis, not public dataset publication. Website disclaimers: https://www.pittsburghpa.gov/Website-Disclaimers",2
02_waste_neighborhood_rutomo,https://www.pittsburghpa.gov/Resident-Services/Trash-Recycling/Special-Event-Recycling,Special Event Recycling,2026-09-18T19:10:57.813695+00:00,"City of Pittsburgh public service guidance; copyright retained; no open license established. Collected for private educational analysis, not public dataset publication. Website disclaimers: https://www.pittsburghpa.gov/Website-Disclaimers",6
02_waste_neighborhood_rutomo,https://www.pittsburghpa.gov/Safety/Public-Safety/Disruptive-Properties,Disruptive Properties,2026-09-18T19:10:54.228496+00:00,"City of Pittsburgh public service guidance; copyright retained; no open license established. Collected for private educational analysis, not public dataset publication. Website disclaimers: https://www.pittsburghpa.gov/Website-Disclaimers",4
02_waste_neighborhood_rutomo,https://www.pittsburghpa.gov/Safety/Public-Safety/Disruptive-Properties/Disruptive-Properties-Appeals-Board,Disruptive Properties Appeals Board,2026-09-18T19:11:00.372811+00:00,"City of Pittsburgh public service guidance; copyright retained; no open license established. Collected for private educational analysis, not public dataset publication. Website disclaimers: https://www.pittsburghpa.gov/Website-Disclaimers",1
03_buildings_construction_mahika,https://data.wprdc.org/dataset/311-data/resource/29462525-62a6-45bf-9b5e-ad2e1c06348d,"Pittsburgh 311 Data (archive), WPRDC",2026-09-20T18:12:33Z,Creative Commons Attribution 4.0 (CC-BY); use under the WPRDC Data User Agreement.,260
04_parks_public_spaces_mingchin,https://data.wprdc.org/dataset/311-data/resource/29462525-62a6-45bf-9b5e-ad2e1c06348d,WPRDC 311 Data,2026-09-19,Creative Commons Attribution; subject to WPRDC terms of use,56
04_parks_public_spaces_mingchin,https://data.wprdc.org/dataset/311-data/resource/6a2c9de6-9cb8-4da6-bd78-0a913cc5790c,WPRDC 311 Issue and Category Codebook,2026-09-19,Creative Commons Attribution; subject to WPRDC terms of use,168
