request_type_id,issue,category,department,request_volume,median_hours,p75_hours,p90_hours,median_days,p75_days,p90_days
10220,Loose Dog(s),Animal Issues,Animal Care & Control,1270,17.2,29.566666666666666,67.14666666666668,0.7166666666666667,1.2319444444444445,2.797777777777778
272,Barking Dog,Animal Issues,Animal Care & Control,2090,19.783333333333335,42.375,74.62666666666662,0.8243055555555556,1.765625,3.1094444444444425
27441,Lights,Parks Issues,DPW - Park Maintenance,1244,474.5,1521.6916666666666,7682.72333333334,19.770833333333332,63.403819444444444,320.11347222222247
341,Tree Fallen Across Road,Tree Issues,DPW - Street Maintenance,3605,84.38333333333333,171.82083333333333,504.035,3.515972222222222,7.159201388888889,21.001458333333336
342,Tree Fallen Across Sidewalk,Tree Issues,DPW - Street Maintenance,1973,98.35,258.5,1217.5333333333324,4.097916666666666,10.770833333333334,50.73055555555552
345,Tree Removal,Tree Issues,DPW - Forestry Division,4491,812.5333333333333,5412.420833333334,14402.776666666663,33.855555555555554,225.51753472222222,600.1156944444443
35243,Stump Grind/Removal,Tree Issues,DPW - Forestry Division,675,1196.7833333333333,4146.25,8974.363333333342,49.86597222222222,172.76041666666666,373.9318055555559
361,Animal Waste,Animal Issues,Animal Care & Control,1240,22.316666666666666,51.525000000000006,92.96333333333334,0.9298611111111111,2.146875,3.8734722222222224
363,Check Conditions,Animal Issues,Animal Care & Control,1440,18.441666666666666,38.324999999999996,66.72,0.7684027777777778,1.5968749999999998,2.78
364,Dead Animal,Animal Issues,Animal Care & Control,7925,22.858333333333334,42.31666666666667,71.51666666666667,0.9524305555555556,1.7631944444444445,2.979861111111111
365,Dog License,Animal Issues,Finance,108,14.791666666666668,59.354166666666664,135.955,0.6163194444444445,2.4730902777777777,5.664791666666667
367,Other (please describe),Animal Issues,Animal Care & Control,1908,12.216666666666665,22.770833333333332,63.40833333333334,0.5090277777777777,0.9487847222222222,2.642013888888889
368,Rodent control,Animal Issues,Animal Care & Control,7369,15.816666666666666,24.275,87.19999999999999,0.6590277777777778,1.0114583333333333,3.633333333333333
375,City Facility,City Facilities and Infrastructure,DPW - Facilities,1278,216.81666666666666,4229.508333333333,14652.555000000002,9.034027777777778,176.22951388888887,610.523125
378,Fence,City Facilities and Infrastructure,DPW - Construction Division,431,3683.95,16089.816666666666,33086.16333333334,153.49791666666667,670.4090277777777,1378.590138888889
38257,Off Leash Exercise Area,Animal Issues,Animal Care & Control,75,91.48333333333333,3044.133333333333,9145.033333333333,3.8118055555555554,126.83888888888889,381.04305555555555
40181,Shelters,Parks Issues,DPW - Park Maintenance,180,434.43333333333334,6912.066666666667,16775.891666666666,18.101388888888888,288.0027777777778,698.9954861111111
426,"Court, Basketball or Tennis",Parks Issues,DPW - Park Maintenance,613,355.275,3757.4958333333334,19218.788333333338,14.803125,156.5623263888889,800.7828472222224
428,Litter,Parks Issues,DPW - Park Maintenance,978,197.25833333333333,1215.1708333333333,7593.2349999999915,8.219097222222222,50.63211805555556,316.38479166666633
432,Playground,Parks Issues,DPW - Park Maintenance,1801,214.54166666666669,1300.6916666666666,8689.893333333332,8.939236111111112,54.19548611111111,362.0788888888888
44921,Parks Trails,Parks Issues,DPW - Park Maintenance,850,566.7833333333333,3540.4,15683.236666666666,23.615972222222222,147.51666666666668,653.4681944444444
480,Overgrowth,Parks Issues,DPW - Park Maintenance,10771,518.4583333333333,1532.5583333333334,3865.3916666666664,21.602430555555554,63.85659722222223,161.0579861111111
518,Dead tree (Public property),Tree Issues,DPW - Forestry Division,3055,1033.2666666666667,5088.950000000001,13674.736666666668,43.05277777777778,212.03958333333335,569.7806944444445
519,Planting,Tree Issues,DPW - Forestry Division,495,190.16666666666666,950.6833333333333,3856.9466666666667,7.923611111111111,39.611805555555556,160.7061111111111
520,Pruning (city tree),Tree Issues,DPW - Forestry Division,8828,2227.0666666666666,9668.825,17953.718333333334,92.79444444444444,402.8677083333334,748.0715972222223
537,Program,Parks Issues,Parks & Recs-Programs,159,92.45833333333334,607.5083333333333,2927.3,3.852430555555556,25.31284722222222,121.97083333333335
822,"City Steps, Need Cleared",City Facilities and Infrastructure,DPW - Street Maintenance,2423,400.0833333333333,1178.25,4046.9800000000027,16.67013888888889,49.09375,168.62416666666678
827,Water/Drinking Fountains,City Facilities and Infrastructure,DPW - Facilities,610,358.65,7725.741666666667,15665.949999999999,14.94375,321.9059027777778,652.7479166666666
